City_ID,City,Lat,Lng,Max Temp,Humidity,Cloudiness,Wind Speed,Country,Date
0,saint-francois,46.4154,3.9054,5.69,87,20,1.03,FR,1712701974
1,olonkinbyen,70.9221,-8.7187,-2.8,86,29,6.32,SJ,1712701737
2,dudinka,69.4058,86.1778,-22.25,96,100,5.18,RU,1712701757
3,puerto natales,-51.7236,-72.4875,3.58,93,34,2.56,CL,1712701975
4,singaparna,-7.3515,108.111,22.18,98,100,0.07,ID,1712701975
5,ilulissat,69.2167,-51.1,-6.99,68,20,1.54,GL,1712701704
6,waitangi,-43.9535,-176.5597,17.68,87,43,3.58,NZ,1712701976
7,heroica matamoros,25.8833,-97.5,30.57,74,100,10.29,MX,1712701888
8,port-aux-francais,-49.35,70.2167,8.49,95,100,16.92,TF,1712701977
9,basco,20.4487,121.9702,25.98,82,69,8.27,PH,1712701709
10,zharkent,44.1628,80.0,8.57,64,51,2.86,KZ,1712701977
11,grytviken,-54.2811,-36.5092,2.28,84,100,5.66,GS,1712701978
12,richards bay,-28.783,32.0377,18.62,88,1,3.21,ZA,1712701711
13,hasaki,35.7333,140.8333,10.16,46,29,10.01,JP,1712701978
14,papatowai,-46.5619,169.4708,15.78,79,100,0.33,NZ,1712701979
15,natal,-5.795,-35.2094,28.12,83,75,2.06,BR,1712701979
16,lazaro cardenas,17.9583,-102.2,26.94,60,88,5.63,MX,1712701969
17,musoma,-1.5,33.8,21.1,80,86,1.83,TZ,1712701713
18,fort mcmurray,56.7268,-111.381,15.73,17,0,7.72,CA,1712701823
19,punta arenas,-53.15,-70.9167,7.06,61,40,8.75,CL,1712701921
20,oban,56.4127,-5.4706,4.65,73,4,3.68,GB,1712701714
21,puerto ayora,-0.7393,-90.3518,30.98,92,42,1.34,EC,1712701988
22,turi,40.9173,17.0212,17.26,62,99,2.63,IT,1712701989
23,enid,36.3956,-97.8784,21.09,31,100,7.72,US,1712701715
24,machico,32.7,-16.7667,18.17,65,20,9.77,PT,1712701989
25,port lincoln,-34.7333,135.8667,14.71,69,100,2.09,AU,1712701717
26,pago pago,-14.2781,-170.7025,31.55,79,75,1.54,AS,1712701991
27,tiksi,71.6872,128.8694,-17.46,96,100,2.22,RU,1712701717
28,edinburgh of the seven seas,-37.0676,-12.3116,18.42,91,88,6.29,SH,1712701992
29,kodiak,57.79,-152.4072,-2.27,54,75,6.17,US,1712701992
30,wailua homesteads,22.0669,-159.378,26.24,77,40,7.2,US,1712701719
31,margaret river,-33.95,115.0667,12.01,85,21,5.09,AU,1712701993
32,haiku-pauwela,20.9219,-156.3051,27.9,66,20,9.77,US,1712701855
33,undurkhaan,47.3194,110.6556,6.07,68,54,1.38,MN,1712701994
34,rouyn-noranda,48.2398,-79.0288,19.05,27,75,4.12,CA,1712701994
35,kingston,17.997,-76.7936,30.53,73,20,12.86,JM,1712701695
36,constantia,44.1833,28.65,10.39,77,0,2.79,RO,1712701775
37,georgetown,5.4112,100.3354,28.3,92,20,1.03,MY,1712701934
38,plettenberg bay,-34.0527,23.3716,16.73,88,59,5.29,ZA,1712701828
39,jamestown,42.097,-79.2353,22.8,40,20,5.14,US,1712701996
40,college,64.8569,-147.8028,3.18,48,75,1.54,US,1712701996
41,stanley,54.868,-1.6985,5.44,80,0,7.72,GB,1712701997
42,enewetak,11.3474,162.3373,27.16,81,100,9.24,MH,1712701723
43,cockburn town,21.4612,-71.1419,24.29,63,39,9.31,TC,1712701915
44,palafrugell,41.9174,3.1631,13.03,88,5,1.16,ES,1712701724
45,nemuro,43.3236,145.575,1.2,80,6,6.34,JP,1712701998
46,la passe,45.5549,-0.8967,11.1,78,6,5.46,FR,1712701725
47,lowestoft,52.4752,1.7516,8.56,76,83,8.47,GB,1712701850
48,santa elena de uairen,4.6167,-61.1333,26.05,46,99,1.84,VE,1712701999
49,nar'yan-mar,67.6713,53.087,-8.27,85,100,2.24,RU,1712701752
50,port mathurin,-19.6833,63.4167,26.75,74,0,3.21,MU,1712701726
51,bredasdorp,-34.5322,20.0403,16.82,82,77,4.24,ZA,1712701724
52,cannonvale,-20.2833,148.7,25.66,63,65,6.33,AU,1712701727
53,jinchang,38.4953,102.1739,9.01,36,91,3.09,CN,1712701727
54,petropavlovsk-kamchatsky,53.0452,158.6483,2.47,82,100,5.0,RU,1712702002
55,egilsstadir,65.2653,-14.3948,-0.05,80,100,5.14,IS,1712702002
56,geraldton,-28.7667,114.6,21.23,46,0,7.72,AU,1712701728
57,kichmengskiy gorodok,59.9816,45.7854,2.19,95,52,1.34,RU,1712702003
58,sitka,57.0531,-135.33,7.94,57,75,2.57,US,1712701710
59,selfoss,63.9331,-20.9971,2.25,90,100,3.8,IS,1712701729
60,tarikere,13.7167,75.8167,23.73,72,98,0.55,IN,1712701729
61,kamen'-na-obi,53.7884,81.3423,3.08,97,100,2.94,RU,1712702004
62,narvik,68.4384,17.4272,7.67,74,85,4.19,NO,1712701730
63,adamstown,-25.066,-130.1015,23.73,80,51,2.29,PN,1712702005
64,dolores,-36.3132,-57.6792,13.61,68,91,7.13,AR,1712701870
65,iskateley,67.6803,53.1512,-8.32,85,100,2.24,RU,1712702006
66,bilibino,68.0546,166.4372,-7.94,88,100,1.99,RU,1712702006
67,albany,42.6001,-73.9662,21.96,29,44,1.87,US,1712702006
68,udachny,66.4167,112.4,-1.97,78,100,7.65,RU,1712701732
69,khanty-mansiysk,61.0042,69.0019,-11.94,61,0,2.0,RU,1712701732
70,port alfred,-33.5906,26.891,16.21,95,87,3.58,ZA,1712701733
71,invercargill,-46.4,168.35,14.45,94,100,0.45,NZ,1712702008
72,hermanus,-34.4187,19.2345,14.89,83,84,1.88,ZA,1712702008
73,kurchatov,51.6601,35.6521,13.23,68,22,1.92,RU,1712702008
74,sao jose da coroa grande,-8.8978,-35.1478,26.76,84,92,4.26,BR,1712701734
75,lihue,21.9789,-159.3672,26.58,70,40,7.2,US,1712702009
76,mermoz boabab,14.7065,-17.4758,20.88,83,0,5.14,SN,1712701735
77,aykhal,66.0,111.5,-5.42,93,100,9.02,RU,1712702000
78,grove,51.6095,-1.4219,7.75,83,0,3.09,GB,1712702010
79,mikun',62.3547,50.0771,-5.27,99,88,1.4,RU,1712702011
80,asino,56.9979,86.1452,0.55,99,100,2.47,RU,1712702012
81,shahrud,36.4182,54.9763,14.08,59,2,1.76,IR,1712702012
82,ushuaia,-54.8,-68.3,4.81,65,75,10.8,AR,1712702013
83,severo-yeniseyskiy,60.3725,93.0408,0.88,91,100,3.13,RU,1712701737
84,mo i rana,66.3128,14.1428,2.26,80,81,1.54,NO,1712702013
85,badger,64.8,-147.5333,3.14,52,75,1.54,US,1712701738
86,phayakkhaphum phisai,15.5163,103.1937,28.56,68,69,2.66,TH,1712702014
87,port elizabeth,-33.918,25.5701,17.83,96,36,4.02,ZA,1712702014
88,ust-nera,64.5667,143.2,-9.78,92,77,2.09,RU,1712702015
89,mahina,-17.5065,-149.489,27.87,78,75,5.66,PF,1712701984
90,margate,51.3813,1.3862,8.72,66,6,2.24,GB,1712701739
91,hawaiian paradise park,19.5933,-154.9731,25.49,76,100,2.06,US,1712701740
92,thompson,55.7435,-97.8558,14.09,24,40,1.03,CA,1712702016
93,zaozersk,69.4005,32.4476,-3.19,94,100,2.83,RU,1712701921
94,shakawe,-18.3667,21.85,20.23,88,81,2.02,BW,1712701741
95,san antonio de pale,-1.4014,5.6325,27.86,77,35,3.5,GQ,1712701741
96,kristiansund,63.1115,7.732,8.36,81,100,1.54,NO,1712701741
97,talnakh,69.4865,88.3972,-25.04,98,99,4.76,RU,1712701742
98,anna regina,7.2644,-58.5077,26.54,74,38,3.76,GY,1712702019
99,maslyanino,54.3436,84.2111,3.4,98,100,4.06,RU,1712702019
100,codrington,-38.2667,141.9667,13.83,81,73,3.11,AU,1712701743
101,lufilufi,-13.8745,-171.5986,31.88,78,97,5.05,WS,1712702020
102,lompoc,34.6391,-120.4579,26.08,61,0,6.69,US,1712702020
103,hamilton,39.1834,-84.5333,18.21,84,100,5.66,US,1712701838
104,baiao,-2.7906,-49.6717,24.68,97,100,0.4,BR,1712702022
105,cururupu,-1.8283,-44.8683,24.33,95,97,0.73,BR,1712702022
106,antsiranana,-12.2787,49.2917,25.92,84,79,5.38,MG,1712701745
107,bad wurzach,47.9,9.9,5.63,97,100,4.1,DE,1712701745
108,filadelfia,39.9523,-75.1638,26.04,37,75,5.14,US,1712701788
109,west island,-12.1568,96.8225,26.99,74,40,6.69,CC,1712702027
110,alexandria,31.2156,29.9553,16.3,69,0,3.3,EG,1712701926
111,klyuchi,52.2667,79.1667,5.59,94,100,2.61,RU,1712702028
112,trairi,-3.2778,-39.2689,25.34,93,80,2.44,BR,1712701748
113,ingeniero guillermo n. juarez,-23.9,-61.85,25.15,89,97,3.13,AR,1712702032
114,yellowknife,62.456,-114.3525,7.29,45,20,4.63,CA,1712702033
115,rosarito,32.3333,-117.0333,28.29,39,0,5.58,MX,1712701748
116,namibe,-15.1961,12.1522,21.99,72,38,2.72,AO,1712702034
117,tvoroyri,61.5556,-6.8111,6.57,64,21,9.05,FO,1712702035
118,acapulco de juarez,16.8634,-99.8901,27.9,74,0,6.69,MX,1712701970
119,blackmans bay,-43.0167,147.3167,14.74,75,55,0.45,AU,1712701749
120,fort bragg,35.139,-79.006,19.75,68,100,3.6,US,1712702036
121,north shore,-36.8,174.75,21.93,80,49,1.79,NZ,1712701790
122,east london,-33.0153,27.9116,17.91,89,100,12.34,ZA,1712701750
123,gostagayevskaya,45.0228,37.5051,11.84,62,0,1.0,RU,1712701751
124,tucurui,-3.7661,-49.6725,24.55,97,100,1.25,BR,1712701738
125,ribeira grande,38.5167,-28.7,17.65,94,75,11.18,PT,1712702037
126,isafjordur,66.0755,-23.124,-2.35,90,100,2.66,IS,1712702031
127,zinder,13.8072,8.9881,29.02,13,60,3.42,NE,1712702038
128,kiruna,67.8557,20.2251,-3.49,80,100,3.09,SE,1712702039
129,anadyr,64.75,177.4833,-4.72,85,75,10.0,RU,1712702040
130,cabo san lucas,22.8909,-109.9124,27.01,43,0,2.06,MX,1712701852
131,ixtapa,20.7,-105.2,24.57,69,75,5.14,MX,1712701754
132,isangel,-19.55,169.2667,29.06,84,40,2.06,VU,1712701826
133,alice springs,-23.7,133.8833,16.23,59,3,2.06,AU,1712701754
134,port lavaca,28.615,-96.6261,28.49,80,75,4.63,US,1712702050
135,odienne,9.51,-7.5692,27.11,65,100,1.21,CI,1712701755
136,campbellton,48.0075,-66.6727,5.25,63,47,2.18,CA,1712701754
137,flying fish cove,-10.4217,105.6791,24.82,88,40,1.54,CX,1712702052
138,vorgashor,67.5833,63.95,-30.11,100,58,1.44,RU,1712701783
139,benguela,-12.5763,13.4055,24.94,83,84,1.28,AO,1712702053
140,minas de marcona,-15.2119,-75.1103,19.07,74,71,6.55,PE,1712701757
141,longyearbyen,78.2186,15.6401,-10.09,92,75,0.51,SJ,1712701757
142,kirundo,-2.5833,30.1667,16.66,98,68,0.46,BI,1712701758
143,dzerzhinskoye,56.8344,95.2283,3.19,94,100,2.92,RU,1712701758
144,laojunmiao,39.8333,97.7333,6.91,19,0,3.3,CN,1712701758
145,amga,60.8953,131.9608,-8.02,99,99,0.35,RU,1712701759
146,gaigeturi,33.4644,126.3183,13.03,71,20,5.66,KR,1712701759
147,taoudenni,22.6783,-3.9836,30.91,14,0,2.74,ML,1712701967
148,rio grande,-32.035,-52.0986,25.06,90,42,4.28,BR,1712701889
149,massena,44.9281,-74.8919,21.51,27,0,4.63,US,1712701831
150,aasiaat,68.7098,-52.8699,-10.6,87,100,2.17,GL,1712702057
151,sittwe,20.15,92.9,26.08,46,0,2.93,MM,1712701762
152,hun,29.1268,15.9477,19.78,24,55,4.05,LY,1712701762
153,turrialba,9.9047,-83.6835,27.28,96,100,0.98,CR,1712701495
154,coquimbo,-29.9533,-71.3436,15.85,82,75,4.63,CL,1712701854
155,kuanda,56.3161,116.0806,-9.36,87,44,0.3,RU,1712701938
156,mugia,43.1041,-9.2179,10.51,65,98,1.15,ES,1712701776
157,tsiombe,-25.3,45.4833,23.12,94,91,2.37,MG,1712702060
158,katsuura,35.1333,140.3,10.08,54,75,8.79,JP,1712701764
159,port pirie,-33.1833,138.0167,11.82,70,9,1.9,AU,1712701765
160,pau brasil,-15.4642,-39.6511,22.74,98,60,1.16,BR,1712701765
161,conception bay south,47.4999,-52.9981,0.25,92,100,10.77,CA,1712701765
162,mar del plata,-38.0023,-57.5575,15.05,64,75,5.81,AR,1712701684
163,borcea,44.3333,27.75,13.27,57,25,1.94,RO,1712702065
164,labrador city,52.9463,-66.9114,-1.05,40,0,2.06,CA,1712701810
165,whitehorse,60.7161,-135.0538,5.43,38,75,6.17,CA,1712701767
166,santa ana,33.7456,-117.8678,29.95,18,0,5.66,US,1712701929
167,ampanihy,-24.7,44.75,22.85,88,90,2.56,MG,1712701767
168,lebu,-37.6167,-73.65,12.1,69,82,9.88,CL,1712701768
169,tazovsky,67.4667,78.7,-27.07,99,72,4.16,RU,1712701939
170,ancud,-41.8697,-73.8203,10.74,68,54,4.04,CL,1712701768
171,juan aldama,24.2908,-103.3944,24.3,5,19,14.81,MX,1712702071
172,aral,40.5156,81.2636,15.02,26,93,0.95,CN,1712702071
173,zalari,53.5584,102.5065,-0.19,79,47,3.5,RU,1712702072
174,iqaluit,63.7506,-68.5145,-4.15,73,100,2.06,CA,1712702072
175,diamantino,-14.4086,-56.4461,24.38,92,100,1.76,BR,1712702072
176,kharp,66.8014,65.8081,-26.83,95,44,2.39,RU,1712701997
177,molde,62.7375,7.1591,7.91,87,100,1.03,NO,1712702073
178,tolanaro,-25.0319,46.9987,26.04,89,20,5.14,MG,1712702073
179,tajao,10.3148,123.5835,27.03,79,85,4.48,PH,1712702075
180,cuyo,10.8525,121.0086,28.44,77,99,6.56,PH,1712702075
181,abong mbang,3.9833,13.1833,23.78,69,52,0.15,CM,1712702075
182,reggane,26.7158,0.1714,31.76,15,48,7.01,DZ,1712702076
183,hithadhoo,-0.6,73.0833,29.04,74,86,2.62,MV,1712702076
184,polgar,47.8667,21.1167,14.96,72,98,2.73,HU,1712702035
185,patterson,37.4716,-121.1297,25.42,43,1,2.6,US,1712701940
186,fortuna,40.5982,-124.1573,15.37,79,100,6.17,US,1712701922
187,orkney,-26.9802,26.6727,12.06,67,0,2.65,ZA,1712702080
188,mao,39.8885,4.2658,10.31,81,0,3.09,ES,1712702081
189,kailua-kona,19.6406,-155.9956,27.93,72,20,5.66,US,1712702083
190,wamba,8.9333,8.6,27.33,52,98,0.75,NG,1712702099
191,galle,6.0367,80.217,25.02,82,31,2.92,LK,1712702099
192,atafu village,-8.5421,-172.5159,30.24,74,82,6.71,TK,1712702099
193,rusape,-18.5278,32.1284,20.22,71,100,2.89,ZW,1712702121
194,bethel,41.3712,-73.414,24.05,28,0,0.0,US,1712702121
195,gokceada,40.2011,25.909,12.6,78,0,5.46,TR,1712702121
196,vernon,50.2581,-119.2691,12.94,54,92,3.58,CA,1712702090
197,remire-montjoly,4.9167,-52.2667,26.02,94,75,1.54,GF,1712702129
198,kapuskasing,49.4169,-82.4331,8.05,100,100,2.57,CA,1712702130
199,aparecida do taboado,-20.0867,-51.0936,22.75,92,66,2.66,BR,1712702130
200,callao,-12.0667,-77.15,24.16,73,0,5.14,PE,1712702130
201,sisimiut,66.9395,-53.6735,-8.92,80,64,2.83,GL,1712702102
202,ha tinh,18.3333,105.9,21.45,94,77,0.98,VN,1712702132
203,kara-balta,42.8142,73.8481,7.39,59,79,1.22,KG,1712702133
204,placido de castro,-10.3353,-67.1856,26.34,85,93,1.09,BR,1712702133
205,chonchi,-42.6128,-73.8092,10.56,87,51,2.33,CL,1712702133
206,cidreira,-30.1811,-50.2056,23.11,90,17,2.47,BR,1712701868
207,puerto armuelles,8.2833,-82.8667,29.99,71,95,1.34,PA,1712702134
208,oak grove,45.4168,-122.6401,19.16,59,40,3.09,US,1712702134
209,alofi,-19.0595,-169.9187,28.94,84,20,5.66,NU,1712702135
210,walvis bay,-22.9575,14.5053,14.53,88,0,3.6,NA,1712702135
211,daru,-9.0763,143.2092,27.05,85,100,3.37,PG,1712702136
212,nova sintra,14.8667,-24.7167,23.46,75,0,4.63,CV,1712702136
213,rongelap,11.1635,166.8941,27.07,84,100,9.21,MH,1712702136
214,zhaoyuan,37.3592,120.3964,10.94,46,78,4.45,CN,1712702138
215,mount isa,-20.7333,139.5,17.87,48,44,7.72,AU,1712701929
216,colonia rincon viejo,16.9,-95.05,30.87,50,17,9.11,MX,1712702138
217,shawinigan,46.5668,-72.7491,13.58,22,30,2.06,CA,1712702139
218,yoloten,37.2989,62.3597,15.44,30,4,4.19,TM,1712702139
219,arraial do cabo,-22.9661,-42.0278,23.98,94,20,1.03,BR,1712702138
220,magadan,59.5667,150.8,-5.82,73,6,2.74,RU,1712701880
221,sinabang,2.4803,96.3801,24.46,92,100,1.66,ID,1712702140
222,saldanha,-33.0117,17.9442,15.03,90,3,6.55,ZA,1712702141
223,dunedin,-45.8742,170.5036,17.11,86,100,0.89,NZ,1712702043
224,colonia,50.9333,6.95,10.53,71,20,5.14,DE,1712702081
225,international falls,48.6011,-93.411,10.08,66,100,3.6,US,1712702142
226,la serena,-29.9078,-71.2542,15.73,82,75,4.63,CL,1712701905
227,kihei,20.785,-156.4656,28.9,61,20,9.77,US,1712702143
228,gadzhiyevo,69.2551,33.3362,-3.64,95,100,1.79,RU,1712702143
229,fairfax,38.8501,-77.3497,24.9,46,100,2.06,US,1712702144
230,labytnangi,66.6572,66.4183,-26.46,98,90,1.23,RU,1712702146
231,kani keli,-12.9536,45.1033,27.59,75,34,2.33,YT,1712702146
232,sodankyla,67.4167,26.6,0.35,96,100,2.57,FI,1712702146
233,marienheide,51.0833,7.5333,8.58,84,96,5.05,DE,1712702147
234,fale old settlement,-9.3852,-171.2468,30.33,75,83,6.4,TK,1712701923
235,port blair,11.6667,92.75,27.2,78,100,2.59,IN,1712702061
236,shevchenko,48.5,35.0,17.06,49,6,1.6,UA,1712702148
237,mopti,14.6667,-4.0,34.37,22,43,2.02,ML,1712702148
238,dryden,49.7833,-92.7503,6.16,93,100,3.09,CA,1712702148
239,puerto deseado,-47.7503,-65.8938,8.36,62,87,12.16,AR,1712702149
240,xinzhi,36.4989,111.7047,14.15,65,94,1.55,CN,1712702149
241,giado,31.9582,12.0203,19.19,30,0,1.95,LY,1712702150
242,nieuw amsterdam,5.8833,-55.0833,29.09,70,20,2.57,SR,1712702150
243,obligado,-27.0333,-55.6333,22.5,83,55,1.09,PY,1712702150
244,isfara,40.1265,70.6253,11.61,74,23,0.75,TJ,1712702151
245,bouca,6.5105,18.2733,25.82,54,4,1.14,CF,1712702151
246,ceerigaabo,10.6162,47.368,17.78,75,7,2.69,SO,1712702151
247,kourou,5.1552,-52.6478,27.03,87,83,2.77,GF,1712701862
248,vyyezdnoye,55.3815,43.7864,10.23,93,99,0.51,RU,1712702152
249,thunder bay,48.4001,-89.3168,7.99,81,100,2.57,CA,1712701880
250,vilyuchinsk,52.9306,158.4028,3.29,99,100,1.22,RU,1712702153
251,pontianak,-0.0333,109.3333,24.99,100,75,1.54,ID,1712702153
252,santiago de cao,-7.9589,-79.2392,23.07,78,66,6.17,PE,1712702153
253,peniche,39.3558,-9.3811,12.84,82,5,8.65,PT,1712702154
254,chimore,-16.9833,-65.1333,24.51,97,100,0.71,BO,1712702154
255,palavas-les-flots,43.528,3.9271,11.99,57,0,7.2,FR,1712702154
256,rakops,-21.0167,24.3333,21.28,36,42,3.19,BW,1712702155
257,awjilah,29.1081,21.2869,16.75,51,42,3.77,LY,1712702155
258,keflavik,64.0049,-22.5624,1.24,80,75,1.03,IS,1712702155
259,banjarmasin,-3.3244,114.591,24.57,96,97,1.02,ID,1712701859
260,saint-joseph,-21.3667,55.6167,23.21,83,43,2.69,RE,1712702156
261,bowen,-20.0167,148.2333,26.39,62,54,5.78,AU,1712701957
262,uturoa,-16.7333,-151.4333,28.95,76,97,5.18,PF,1712702157
263,atherton,53.5237,-2.4935,7.61,74,1,3.92,GB,1712702157
264,darhan,49.4867,105.9228,5.17,83,7,2.93,MN,1712701810
265,broome,42.2506,-75.833,23.21,24,0,2.24,US,1712701810
266,srandakan,-7.9386,110.2506,25.23,93,100,1.1,ID,1712701811
267,kruisfontein,-34.0033,24.7314,16.6,84,63,7.24,ZA,1712701723
268,qala i naw,34.9874,63.1289,12.45,67,0,1.67,AF,1712701812
269,sakaiminato,35.55,133.2333,4.99,93,40,2.06,JP,1712701813
270,bayburt,40.2589,40.2278,7.72,78,100,1.77,TR,1712701813
271,zouerate,22.7187,-12.4521,23.17,29,0,1.46,MR,1712701814
272,glushkovo,51.3392,34.6328,15.09,67,6,2.17,RU,1712701814
273,hami,42.8,93.45,15.05,20,38,3.83,CN,1712701815
274,avarua,-21.2078,-159.775,26.03,89,20,5.66,CK,1712701637
275,praia da vitoria,38.7333,-27.0667,18.14,88,75,10.63,PT,1712701816
276,yanam,16.7333,82.2167,23.6,94,0,0.99,IN,1712701816
277,kavaratti,10.5669,72.642,29.21,65,68,3.4,IN,1712701816
278,fiano romano,42.1595,12.5942,16.82,87,100,0.45,IT,1712701818
279,nova vicosa,-17.8919,-39.3719,25.9,83,25,2.76,BR,1712701819
280,villa huidobro,-34.8383,-64.5869,17.61,56,1,4.79,AR,1712701819
281,taksimo,56.3444,114.8794,-9.07,78,8,0.3,RU,1712701819
282,embarcacion,-23.209,-64.096,25.12,96,74,1.61,AR,1712701820
283,nsanje,-16.92,35.262,23.71,93,100,0.9,MW,1712701820
284,paphos,34.7667,32.4167,16.88,63,40,0.51,CY,1712701808
285,evanston,42.0411,-87.6901,18.31,43,40,4.63,US,1712701612
286,kerikeri,-35.2268,173.9474,22.17,82,83,4.82,NZ,1712701544
287,al bawiti,28.3492,28.8659,16.82,47,26,4.11,EG,1712701821
288,borovsk,55.2064,36.4861,16.85,67,100,3.51,RU,1712701822
289,borogontsy,62.6683,131.1683,-9.09,98,100,1.35,RU,1712701822
290,mansourah,31.0364,31.3807,12.6,89,0,2.3,EG,1712701822
291,vizinga,61.0749,50.1031,-0.12,97,98,1.03,RU,1712701823
292,xining,36.6167,101.7667,4.32,80,100,0.69,CN,1712701823
293,general villegas,-35.0328,-63.0125,20.48,51,22,6.21,AR,1712701712
294,christchurch,-43.5333,172.6333,26.34,52,89,2.57,NZ,1712701999
295,manicore,-5.8092,-61.3003,24.77,95,100,1.38,BR,1712702189
296,island harbour,50.724,-1.2758,9.43,78,8,2.24,GB,1712702196
297,gwanda,-20.9333,29.0,21.47,75,98,2.35,ZW,1712702197
298,amboasary,-25.0333,46.3833,24.28,87,99,2.11,MG,1712702197
299,slyudyanka,51.6594,103.7061,-0.92,93,48,1.06,RU,1712702197
300,goure,13.9835,10.2704,28.35,17,82,3.04,NE,1712702198
301,hammerfest,70.6634,23.6821,1.25,86,100,5.66,NO,1712702198
302,ust'-ordynskiy,52.805,104.7508,1.85,66,55,2.24,RU,1712702199
303,riosucio,5.4216,-75.7032,23.62,89,99,1.28,CO,1712702199
304,saudarkrokur,65.7461,-19.6394,-2.55,87,100,2.51,IS,1712702200
305,maralal,1.0968,36.698,15.77,87,83,1.05,KE,1712702202
306,camocim,-2.9022,-40.8411,25.93,91,100,3.54,BR,1712702203
307,village of oak creek (big park),34.7809,-111.7623,23.21,15,0,2.06,US,1712702203
308,ad dabbah,18.05,30.95,23.95,11,95,4.87,SD,1712702204
309,pitimbu,-7.4706,-34.8086,27.33,83,100,6.62,BR,1712702204
310,ishinomaki,38.4167,141.3,6.0,58,0,6.12,JP,1712702204
311,piacabucu,-10.4056,-36.4344,27.58,76,80,3.54,BR,1712702205
312,trani,41.2727,16.4154,18.81,63,100,1.75,IT,1712702205
313,east ballina,-28.8667,153.5833,19.33,63,17,6.69,AU,1712702172
314,usogorsk,63.4106,48.6872,-1.3,96,97,1.6,RU,1712702206
315,pelham,33.2857,-86.81,18.31,98,100,2.06,US,1712702093
316,saurimo,-9.6608,20.3916,19.23,97,98,1.37,AO,1712702207
317,maun,-19.9833,23.4167,21.16,44,48,3.2,BW,1712702207
318,arzgir,45.3728,44.2206,10.09,72,22,3.87,RU,1712702208
319,gutao,37.2025,112.1781,13.13,64,98,1.15,CN,1712702208
320,singkil,-7.9855,111.4161,24.43,93,100,1.5,ID,1712702209
321,mejit,10.2753,170.8646,26.95,84,95,9.16,MH,1712702209
322,ciudad choluteca,13.3003,-87.1908,39.04,37,20,3.6,HN,1712702210
323,punta del este,-34.9667,-54.95,21.06,89,75,3.6,UY,1712702210
324,khandyga,62.6667,135.6,-6.49,93,100,0.25,RU,1712702210
325,kirakira,-10.4544,161.9205,30.02,74,100,3.31,SB,1712701948
326,akureyri,65.6835,-18.0878,-0.04,69,75,0.51,IS,1712702006
327,arica,-18.475,-70.3042,24.75,68,0,3.6,CL,1712701727
328,bokkos,9.3,9.0,23.04,43,100,4.06,NG,1712702212
329,galax,36.6612,-80.924,12.97,95,100,2.24,US,1712702138
330,peterhead,57.5058,-1.7981,6.22,81,63,11.44,GB,1712702213
331,suva,-18.1416,178.4415,29.71,74,75,5.66,FJ,1712701935
332,manta,-0.95,-80.7333,27.88,74,0,8.05,EC,1712702214
333,nuuk,64.1835,-51.7216,-2.66,74,20,2.57,GL,1712702162
334,warrnambool,-38.3833,142.4833,15.21,78,82,4.83,AU,1712702215
335,kabalo,-6.05,26.9167,21.78,95,80,0.35,CD,1712702216
336,bubaque,11.2833,-15.8333,24.3,70,56,5.29,GW,1712702216
337,hailin,44.5833,129.4167,2.96,31,27,1.74,CN,1712702216
338,la'ie,21.6477,-157.9253,27.98,68,25,7.93,US,1712702217
339,quellon,-43.1167,-73.6167,8.71,79,9,4.39,CL,1712702144
340,wanning,18.8003,110.3967,25.24,93,100,1.76,CN,1712702217
341,qui nhon,13.7667,109.2333,26.06,80,100,2.25,VN,1712702218
342,kaa-khem,51.6833,94.7333,7.45,92,100,2.65,RU,1712701973
343,lerwick,60.1545,-1.1494,7.0,82,100,6.88,GB,1712702218
344,vilhena,-12.7406,-60.1458,25.12,88,40,2.57,BR,1712702156
345,oliver,49.1831,-119.5524,16.14,18,6,4.63,CA,1712702219
346,partenit,44.578,34.3446,13.92,69,1,5.14,UA,1712702220
347,springbok,-29.6643,17.8865,13.05,76,0,1.86,ZA,1712702220
348,cooma,-36.2333,149.1333,6.57,68,65,5.18,AU,1712702221
349,benghazi,32.1167,20.0667,17.3,74,71,3.57,LY,1712702221
350,lodja,-3.4833,23.4333,21.56,98,87,0.32,CD,1712702223
351,hobyo,5.3505,48.5268,28.13,71,79,5.32,SO,1712702223
352,yeppoon,-23.1333,150.7333,19.88,50,0,5.93,AU,1712702224
353,amahai,-3.3333,128.9167,26.71,82,94,1.22,ID,1712702224
354,rio gallegos,-51.6226,-69.2181,8.03,49,20,9.77,AR,1712702224
355,salinas,36.6777,-121.6555,25.35,63,0,5.66,US,1712702026
356,mount gambier,-37.8333,140.7667,15.91,71,84,3.47,AU,1712702225
357,rosso,16.4986,-15.8153,21.56,49,0,6.67,SN,1712702226
358,namdrik,5.5994,168.1028,28.21,82,100,8.42,MH,1712702226
359,bridgetown,13.1,-59.6167,27.27,74,40,5.66,BB,1712702226
360,recreo,-29.2818,-65.061,21.69,79,32,3.33,AR,1712702227
361,sheopur,25.6667,76.7,28.54,23,91,1.84,IN,1712702014
362,mokhsogollokh,61.4681,128.9203,-12.65,99,82,0.21,RU,1712702228
363,valdivia,-39.8142,-73.2459,13.05,69,4,2.33,CL,1712702196
364,lauro de freitas,-12.8944,-38.3272,28.01,83,40,2.57,BR,1712702191
365,katsuren-haebaru,26.3369,127.8719,20.61,72,0,5.14,JP,1712702229
366,chadan,51.2833,91.5833,5.05,84,100,1.45,RU,1712702229
367,cadale,2.7603,46.3222,28.68,73,82,3.79,SO,1712702230
368,olinda,-8.0089,-34.8553,26.85,100,100,2.06,BR,1712702230
369,gao,16.6362,1.637,31.52,10,6,4.31,ML,1712702230
370,st. john's,47.5649,-52.7093,0.38,92,100,8.75,CA,1712702231
371,terenos,-20.4422,-54.8603,26.84,83,75,2.57,BR,1712702232
372,khorugh,37.4897,71.553,0.15,98,100,0.64,TJ,1712702232
373,pleiku,13.9833,108.0,18.15,87,23,2.29,VN,1712702232
374,xinyuan,37.3,99.0,-5.11,77,7,1.46,CN,1712702233
375,al 'aziziyah,32.9058,45.0616,22.4,76,0,5.31,IQ,1712702233
376,igarka,67.4667,86.5833,-23.88,95,79,4.92,RU,1712702233
377,sao joao da barra,-21.6403,-41.0511,26.05,84,100,5.46,BR,1712702214
378,syanno,54.8106,29.7069,14.66,79,15,3.43,BY,1712702234
379,ormara,25.2088,64.6357,25.53,80,90,4.75,PK,1712702234
380,kapa'a,22.0752,-159.319,26.99,76,40,7.2,US,1712702166
381,guasdualito,7.2424,-70.7324,35.98,41,20,0.0,VE,1712702235
382,chikodi,16.4333,74.6,25.56,37,10,2.2,IN,1712702235
383,bilmak,47.3624,36.6511,13.0,51,22,1.97,UA,1712702236
384,tabas,33.5959,56.9244,21.15,31,0,0.95,IR,1712702236
385,tsengel,49.4783,100.8894,3.04,89,67,0.72,MN,1712702237
386,pacific grove,36.6177,-121.9166,23.55,75,0,4.92,US,1712702237
387,murgab,37.4966,61.9714,12.93,62,3,3.09,TM,1712702237
388,belomorsk,64.5232,34.7668,1.14,99,100,2.75,RU,1712702120
389,paratinga,-12.6906,-43.1842,27.66,57,94,1.15,BR,1712702238
390,ghat,24.9647,10.1728,25.78,9,24,1.49,LY,1712702238
391,brookhaven,31.5791,-90.4407,22.81,85,100,4.99,US,1712702223
392,yuzhno-kurilsk,44.0306,145.8556,1.32,98,56,6.98,RU,1712702239
393,portland,45.5234,-122.6762,19.32,58,40,3.09,US,1712701827
394,ohara,35.25,140.3833,10.77,51,58,8.68,JP,1712702240
395,port augusta,-32.5,137.7667,14.92,55,0,3.95,AU,1712702240
396,mount pearl,47.5166,-52.7813,-0.08,92,100,8.75,CA,1712702108
397,opuwo,-18.0607,13.84,18.55,39,100,1.91,NA,1712702209
398,palu,-0.8917,119.8707,25.27,96,100,1.09,ID,1712702241
399,vadso,70.0744,29.7487,0.09,80,100,6.17,NO,1712702241
400,san rafael,-34.6177,-68.3301,14.34,42,19,3.01,AR,1712702073
401,nakamura,32.9833,132.9333,12.72,67,7,0.68,JP,1712702242
402,badarwas,24.9667,77.5667,28.55,23,100,3.79,IN,1712702242
403,san patricio,28.017,-97.5169,31.76,73,43,8.04,US,1712702243
404,inhambane,-23.865,35.3833,24.39,90,77,4.85,MZ,1712702243
405,porto-novo,6.4965,2.6036,28.9,81,70,3.15,BJ,1712702243
406,ishigaki,24.3448,124.1572,22.07,73,100,7.72,JP,1712702244
407,puerto ayacucho,5.6639,-67.6236,33.28,37,57,1.41,VE,1712702220
408,ochakiv,46.6128,31.5498,11.99,67,0,1.14,UA,1712702244
409,oakdale,44.963,-92.9649,16.29,55,100,5.66,US,1712702245
410,phalaborwa,-23.943,31.1411,23.6,78,63,2.12,ZA,1712702245
411,zhangye,38.9342,100.4517,9.42,35,6,3.13,CN,1712702246
412,kewanee,41.2456,-89.9248,17.11,53,12,3.84,US,1712702118
413,miguel ahumada,30.6167,-106.5167,17.42,17,66,7.21,MX,1712702247
414,chom bueng,13.62,99.5917,26.72,70,99,0.55,TH,1712702248
415,kauhava,63.103,23.0713,4.07,96,100,1.65,FI,1712702248
416,hadibu,12.65,54.0333,26.41,76,20,2.74,YE,1712702249
417,i-n-salah,27.1935,2.4607,31.07,6,29,12.49,DZ,1712702249
418,manokwari,-0.8667,134.0833,26.66,79,83,2.46,ID,1712702249
419,okha,53.5739,142.9478,-8.19,91,38,4.47,RU,1712702250
420,luumaki,60.9262,27.5814,4.03,91,46,1.92,FI,1712702250
421,filipstad,59.7124,14.1683,8.99,98,100,2.95,SE,1712702250
422,el granada,37.5027,-122.4694,27.73,73,0,6.17,US,1712702251
423,viedma,-40.8135,-62.9967,9.29,52,2,3.27,AR,1712702163
424,porto novo,6.4965,2.6036,28.9,81,70,3.15,BJ,1712702243
425,midvagur,62.0511,-7.1939,4.46,81,40,1.03,FO,1712702252
426,kon tum,14.35,108.0,17.51,90,20,1.13,VN,1712702252
427,crane,31.3974,-102.3501,15.1,58,71,11.37,US,1712702252
428,tevriz,57.509,72.4042,-3.47,97,94,2.48,RU,1712702253
429,aljustrel,37.8776,-8.1652,11.93,64,12,3.3,PT,1712702253
430,ebon,4.582,168.6964,28.25,83,96,8.54,MH,1712702253
431,huaihua,27.5494,109.9592,15.81,94,100,1.12,CN,1712702254
432,gerash,27.6652,54.1371,21.71,41,95,2.36,IR,1712702254
433,usinsk,65.9939,57.5281,-12.74,86,100,3.58,RU,1712702254
434,sheboygan,43.7333,-87.9334,15.99,54,75,2.06,US,1712702150
435,puerto baquerizo moreno,-0.9,-89.6,29.55,79,20,5.14,EC,1712702255
436,okigwe,5.8352,7.3599,26.85,60,94,0.93,NG,1712702255
437,ilula,-7.6766,36.0366,17.51,94,100,1.43,TZ,1712702256
438,nan,18.8333,100.6667,21.01,94,45,1.54,TH,1712702256
439,terracina,41.2863,13.2217,15.88,77,100,3.58,IT,1712702256
440,basoko,1.2391,23.616,24.59,80,99,1.65,CD,1712702257
441,esik,43.3552,77.4525,2.68,51,48,4.03,KZ,1712702257
442,galliano,29.4422,-90.2992,26.11,73,100,5.14,US,1712702104
443,kandi,11.1342,2.9386,33.01,34,99,2.23,BJ,1712702258
444,qaqortoq,60.7167,-46.0333,-5.02,83,0,1.95,GL,1712702258
445,monte alegre,-2.0078,-54.0692,24.49,96,100,0.92,BR,1712702258
446,columbia,34.0007,-81.0348,19.17,71,0,2.57,US,1712702125
447,kill devil hills,36.0307,-75.676,22.0,65,75,3.6,US,1712702245
448,flin flon,54.7682,-101.865,15.91,31,75,2.57,CA,1712702259
449,puerto lempira,15.2667,-83.7667,29.08,70,75,2.57,HN,1712702260
450,palmares do sul,-30.2578,-50.5097,22.54,90,58,2.74,BR,1712702251
451,howard springs,-12.497,131.047,24.93,62,92,3.3,AU,1712702260
452,yen bai,21.7,104.8667,21.21,95,100,0.23,VN,1712702260
453,parabel',58.6978,81.4825,-3.94,95,94,4.02,RU,1712702119
454,howrah,22.5892,88.3103,27.0,69,40,0.0,IN,1712702261
455,mirto,38.0847,14.7515,17.73,67,100,1.78,IT,1712702262
456,el-tor,28.2364,33.6254,21.08,32,40,3.6,EG,1712702262
457,prado,-17.3411,-39.2208,25.6,84,28,3.0,BR,1712702262
458,pokhara,28.2333,83.9833,17.47,14,83,3.49,NP,1712702263
459,acarau,-2.8856,-40.12,26.18,88,99,3.18,BR,1712702263
460,santa marta,11.2408,-74.199,35.03,49,20,6.17,CO,1712702264
461,chak,27.8575,68.8329,28.56,14,99,1.47,PK,1712702264
462,smithers,54.7804,-127.1743,9.18,34,40,6.17,CA,1712702001
463,bikenibeu village,1.3673,173.1241,27.98,83,100,6.17,KI,1712702265
464,kokuy,52.2037,117.5529,-0.01,52,0,1.42,RU,1712702265
465,otjiwarongo,-20.4637,16.6477,14.55,20,57,1.43,NA,1712702266
466,mariental,-24.6333,17.9667,17.17,39,0,4.11,NA,1712702266
467,kalmunai,7.4167,81.8167,27.13,70,89,2.22,LK,1712702266
468,saucillo,28.0167,-105.2833,21.62,8,0,14.84,MX,1712702267
469,el calafate,-50.3408,-72.2768,5.31,77,48,4.65,AR,1712701971
470,tura,25.5198,90.2201,23.47,39,79,1.41,IN,1712702161
471,ulanhot,46.0833,122.0833,5.39,25,68,4.61,CN,1712702268
472,huarmey,-10.0681,-78.1522,23.57,80,82,4.55,PE,1712702268
473,rong kwang,18.339,100.3174,26.71,67,51,0.78,TH,1712702268
474,guiuan,11.0333,125.7247,27.83,76,89,7.11,PH,1712702269
475,roosevelt,33.9668,-103.4505,3.93,91,100,8.08,US,1712702269
476,touros,-5.1989,-35.4608,26.88,83,100,3.63,BR,1712702147
477,marana,32.4367,-111.2254,25.42,19,0,4.12,US,1712702270
478,valparaiso,-33.0393,-71.6273,17.22,85,40,2.57,CL,1712702059
479,santa maria,-29.6842,-53.8069,22.61,88,40,1.03,BR,1712702242
480,nishinoomote,30.7333,131.0,16.31,62,12,9.71,JP,1712702271
481,ust'-kulom,61.6864,53.6902,-8.64,98,78,0.78,RU,1712702271
482,hafar al-batin,28.4328,45.9708,25.32,50,0,5.14,SA,1712702271
483,tofol,5.3248,163.0078,28.88,74,75,6.69,FM,1712702272
484,weyburn,49.6668,-103.8511,17.12,25,93,6.69,CA,1712702119
485,raja,8.4596,25.678,26.79,27,10,0.78,SS,1712702272
486,kuvandyk,51.4781,57.3552,6.34,85,100,0.56,RU,1712702273
487,greenland,43.0362,-70.8328,12.73,65,75,4.12,US,1712702273
488,murzuq,25.9155,13.9184,20.78,19,0,4.64,LY,1712702274
489,tarawa,1.419,172.984,28.05,83,100,6.17,KI,1712702274
490,copiapo,-27.3667,-70.3333,15.83,34,3,1.69,CL,1712701504
491,newman,37.3138,-121.0208,24.6,44,1,2.24,US,1712702275
492,ketchikan,55.3422,-131.6461,8.52,66,75,6.17,US,1712702275
493,elko,41.0002,-115.5012,13.74,35,40,5.36,US,1712702275
494,port antonio,18.18,-76.4612,30.95,82,49,4.05,JM,1712702276
495,chernyshevskiy,63.0128,112.4714,-6.99,92,86,4.47,RU,1712702276
496,turkmenbasy,40.0222,52.9552,10.43,87,0,1.03,TM,1712702277
497,parras de la fuente,25.4167,-102.1833,30.17,3,0,16.51,MX,1712702277
498,alesund,62.4723,6.1549,7.78,93,75,0.51,NO,1712702277
499,lata,40.1629,-8.3327,9.95,93,15,0.49,PT,1712702277
500,takai,11.5833,9.1167,28.61,36,100,1.46,NG,1712702278
501,utrik,11.2278,169.8474,26.82,85,98,9.21,MH,1712702278
502,bluefields,12.0137,-83.7635,30.04,79,75,3.09,NI,1712702278
503,polyarnyy,69.1989,33.4478,-3.87,96,100,1.62,RU,1712701998
504,kuusamo,65.9667,29.1833,-1.98,93,0,1.54,FI,1712702279
505,tannum sands,-23.9504,151.3693,19.94,56,1,2.06,AU,1712702279
506,longquan,24.6719,102.1613,15.72,44,0,1.13,CN,1712702280
507,tarija,-21.5355,-64.7296,22.95,73,40,3.09,BO,1712702046
508,mexia,31.6799,-96.4822,22.03,88,100,2.68,US,1712702280
509,guerrero negro,27.9769,-114.0611,20.32,47,0,6.98,MX,1712702281
510,ta`u,-14.2336,-169.5144,29.37,78,98,5.83,AS,1712702281
511,laguna,38.421,-121.4238,25.72,38,0,2.06,US,1712702281
512,sarupathar,26.1984,93.8094,21.73,58,85,1.53,IN,1712702282
513,luderitz,-26.6481,15.1594,18.02,66,0,7.19,NA,1712702282
514,santa rosa,14.3122,121.1114,28.39,81,88,6.71,PH,1712702282
515,prince rupert,54.3161,-130.3201,9.05,70,20,6.69,CA,1712702283
516,lakatoro,-16.0999,167.4164,29.15,78,26,2.7,VU,1712702283
517,tshikapa,-6.4167,20.8,21.57,91,63,0.41,CD,1712702284
518,bonneville,46.0802,6.4073,7.0,98,100,1.09,FR,1712702284
519,krasnyy chikoy,50.3643,108.7512,1.79,91,8,1.22,RU,1712702284
520,ares,-6.1944,-35.1603,28.05,86,100,3.26,BR,1712702285
521,moroto,2.5345,34.6666,19.13,85,60,0.79,UG,1712702285
522,oxelosund,58.6706,17.1015,8.21,87,0,5.14,SE,1712702285
523,kampene,-3.6,26.6667,20.97,99,97,1.29,CD,1712702286
524,carnarvon,-24.8667,113.6333,24.71,43,0,6.95,AU,1712702286
525,vila velha,-20.3297,-40.2925,26.97,91,75,1.54,BR,1712702286
526,madang,-5.2246,145.7966,24.69,95,100,1.38,PG,1712702287
527,quisqueya,18.5554,-69.4081,26.94,68,77,5.39,DO,1712702287
528,pandan,14.0453,124.1694,26.63,73,77,3.61,PH,1712702287
529,moguer,37.2756,-6.8385,14.89,45,19,1.79,ES,1712702275
530,okhotsk,59.3833,143.3,-4.14,73,8,8.81,RU,1712702288
531,grand rapids,42.9634,-85.6681,16.21,49,20,6.69,US,1712702117
532,tralee,52.2704,-9.7026,6.99,91,99,2.82,IE,1712702003
533,micheweni,-4.9667,39.8333,26.97,86,84,4.54,TZ,1712702289
534,nagqu,31.5,92.0,-9.34,84,100,1.56,CN,1712702289
535,lospalos,-8.5186,127.0025,24.12,86,19,1.28,TL,1712702290
536,padang,-0.9492,100.3543,25.03,87,100,1.11,ID,1712702290
537,semera,11.501,41.201,27.54,59,5,4.61,ET,1712702290
538,anklam,53.8564,13.6897,12.78,89,95,6.62,DE,1712702291
539,hampton bays,40.869,-72.5176,18.08,58,0,2.57,US,1712702291
540,yibin,28.7667,104.6238,15.82,90,100,1.22,CN,1712702291
541,bandar-e lengeh,26.5579,54.8807,27.19,53,100,4.52,IR,1712702292
542,nouadhibou,20.931,-17.0347,19.99,68,0,10.8,MR,1712702292
543,mbalmayo,3.5167,11.5,23.18,97,64,0.66,CM,1712702292
544,tres arroyos,-38.3739,-60.2798,10.96,62,32,2.95,AR,1712702293
545,chulakkurgan,43.765,69.1814,9.3,64,27,0.81,KZ,1712702293
546,kharupatia,26.5167,92.1333,23.54,43,100,3.42,IN,1712702294
547,cestos city,5.46,-9.5828,27.22,83,96,2.75,LR,1712702294
548,villa mercedes,-33.6757,-65.4578,19.33,52,0,6.1,AR,1712702025
549,dalcahue,-42.3628,-73.7022,10.06,62,0,5.66,CL,1712702295
550,ranau,5.9538,116.6641,21.27,89,75,0.58,MY,1712702296
551,nabire,-3.3667,135.4833,25.5,89,94,1.1,ID,1712702297
552,sutherlin,43.3901,-123.3126,17.26,52,100,3.09,US,1712702140
553,rosetta,31.4044,30.4164,17.02,72,0,4.71,EG,1712702297
554,horta,38.5333,-28.6333,17.23,93,75,12.07,PT,1712702298
555,mochudi,-24.4167,26.15,14.33,50,80,2.86,BW,1712702298
556,rundu,-17.9333,19.7667,20.71,80,97,1.78,NA,1712702299
557,weno,7.4515,151.8468,29.97,84,75,4.63,FM,1712702299
558,al ghayzah,16.2079,52.176,26.28,75,100,3.86,YE,1712702300
559,berdigestyakh,62.0989,126.6992,-8.5,97,100,1.0,RU,1712702300
560,santa cruz,-17.8,-63.1667,25.7,88,40,4.12,BO,1712702007
561,happy valley-goose bay,53.3168,-60.3315,-1.83,46,75,7.2,CA,1712702301
562,ndele,8.4109,20.6473,29.28,31,77,1.48,CF,1712702301
563,alaghsas,17.0187,8.0168,28.63,13,89,1.09,NE,1712702301
564,gundelfingen,48.05,7.8667,9.16,90,96,2.91,DE,1712702302
565,vallenar,-28.5708,-70.7581,21.18,54,4,1.14,CL,1712702302
566,oxford,51.7522,-1.256,7.8,81,0,3.09,GB,1712701874
567,prince albert,53.2001,-105.7677,13.97,35,75,2.06,CA,1712702117
568,bardai,11.65,7.2333,27.64,35,85,4.86,NG,1712702303
569,iganga,0.6092,33.4686,17.54,96,83,1.12,UG,1712702304
570,taltal,-25.4,-70.4833,18.65,82,31,1.74,CL,1712701820
571,tsiroanomandidy,-18.7667,46.0333,22.2,83,100,0.68,MG,1712702304
572,nicoya,10.1483,-85.452,31.33,56,100,2.45,CR,1712702305
573,alto araguaia,-17.3147,-53.2153,22.64,88,100,1.77,BR,1712702054
574,antofagasta,-23.65,-70.4,19.6,83,74,4.22,CL,1712701619
575,mila,36.4503,6.2644,13.44,74,100,2.47,DZ,1712702307
576,darwin,-12.4611,130.8418,23.99,64,0,5.14,AU,1712701697
577,nadi,-17.8,177.4167,30.0,74,40,2.57,FJ,1712702307
578,martinsicuro,42.8811,13.9145,18.96,87,100,1.5,IT,1712702308
579,tual,-5.6667,132.75,27.57,76,100,1.62,ID,1712702308
580,lensk,60.7253,114.9278,-6.96,93,96,1.87,RU,1712702308
581,ingeniero jacobacci,-41.3427,-69.5448,11.66,24,0,3.29,AR,1712702316
582,holualoa,19.6228,-155.9522,25.86,75,20,5.66,US,1712702316
583,moyynkum,44.2914,72.9469,9.97,58,100,2.46,KZ,1712702317
584,cruzeiro do sul,-29.5128,-51.9853,25.84,92,26,0.95,BR,1712702317
585,santyoku,37.4406,129.1708,10.33,62,5,3.13,KR,1712702318
586,chandur,19.7333,79.1833,27.21,49,42,2.03,IN,1712702318
